ID	CHROM	POS	REF	Allele	Annotation	Annotation_Impact	Gene_Name	Gene_ID	Feature_Type	Feature_ID	Transcript_BioType
S01_3996928	01	3996928	A	T	upstream_gene_variant	MODIFIER	SORBI_3001G053601	SORBI_3001G053601			
S01_6237519	01	6237519	T	C	downstream_gene_variant	MODIFIER	SORBI_3001G080800	SORBI_3001G080800			
S01_15430027	01	15430027	A	G	upstream_gene_variant	MODIFIER	SORBI_3001G182200	SORBI_3001G182200			
S01_15431375	01	15431375	A	G	upstream_gene_variant	MODIFIER	SORBI_3001G182200	SORBI_3001G182200			
S01_15900907	01	15900907	G	A	upstream_gene_variant	MODIFIER	SORBI_3001G185900	SORBI_3001G185900			
S01_25299109	01	25299109	G	A	downstream_gene_variant	MODIFIER	SORBI_3001G243666	SORBI_3001G243666			
S01_29242946	01	29242946	A	G	intergenic_region	MODIFIER	SORBI_3001G254800-SORBI_3001G255001	SORBI_3001G254800-SORBI_3001G255001			
S01_52592861	01	52592861	A	G	downstream_gene_variant	MODIFIER	SORBI_3001G272300	SORBI_3001G272300			
S01_54643354	01	54643354	G	A	intergenic_region	MODIFIER	SORBI_3001G279701-SORBI_3001G279800	SORBI_3001G279701-SORBI_3001G279800			
S01_54732172	01	54732172	T	C	3_prime_UTR_variant	MODIFIER	SORBI_3001G279900	SORBI_3001G279900			
S01_61931259	01	61931259	C	T	intergenic_region	MODIFIER	SORBI_3001G331200-SORBI_3001G331301	SORBI_3001G331200-SORBI_3001G331301			
S01_74744901	01	74744901	G	A	upstream_gene_variant	MODIFIER	SORBI_3001G475200	SORBI_3001G475200			
S01_77409153	01	77409153	TATC	T	upstream_gene_variant	MODIFIER	SORBI_3001G506033	SORBI_3001G506033			
S01_80084493	01	80084493	T	C	upstream_gene_variant	MODIFIER	SORBI_3001G538100	SORBI_3001G538100			
S02_15946281	02	15946281	T	A	intergenic_region	MODIFIER	SORBI_3002G121201-SORBI_3002G121300	SORBI_3002G121201-SORBI_3002G121300			
S02_17462557	02	17462557	C	T	intergenic_region	MODIFIER	SORBI_3002G126900-SORBI_3002G127100	SORBI_3002G126900-SORBI_3002G127100			
S02_20242822	02	20242822	C	G	upstream_gene_variant	MODIFIER	SORBI_3002G135500	SORBI_3002G135500			
S02_20252553	02	20252553	GGACAAGTGTCCGACAGTAGAATTAGGGGTACAA	G	intergenic_region	MODIFIER	SORBI_3002G135500-SORBI_3002G135600	SORBI_3002G135500-SORBI_3002G135600			
S02_20912485	02	20912485	G	T	downstream_gene_variant	MODIFIER	SORBI_3002G137300	SORBI_3002G137300			
S02_29158487	02	29158487	C	T	intergenic_region	MODIFIER	SORBI_3002G146000-SORBI_3002G146100	SORBI_3002G146000-SORBI_3002G146100			
S02_29715409	02	29715409	T	C	intergenic_region	MODIFIER	SORBI_3002G146400-SORBI_3002G146501	SORBI_3002G146400-SORBI_3002G146501			
S02_36739328	02	36739328	A	G	intergenic_region	MODIFIER	SORBI_3002G147466-SORBI_3002G147500	SORBI_3002G147466-SORBI_3002G147500			
S02_43649002	02	43649002	T	C	intergenic_region	MODIFIER	SORBI_3002G150733-SORBI_3002G150766	SORBI_3002G150733-SORBI_3002G150766			
S02_47180106	02	47180106	T	A	intergenic_region	MODIFIER	SORBI_3002G155200-SORBI_3002G155301	SORBI_3002G155200-SORBI_3002G155301			
S02_48940388	02	48940388	G	A	intergenic_region	MODIFIER	SORBI_3002G158401-SORBI_3002G158500	SORBI_3002G158401-SORBI_3002G158500			
S02_72973286	02	72973286	G	A	upstream_gene_variant	MODIFIER	SORBI_3002G370800	SORBI_3002G370800			
S03_26248862	03	26248862	G	A	upstream_gene_variant	MODIFIER	SORBI_3003G167000	SORBI_3003G167000			
S03_31158353	03	31158353	C	A	intergenic_region	MODIFIER	SORBI_3003G170501-SORBI_3003G170600	SORBI_3003G170501-SORBI_3003G170600			
S03_36092994	03	36092994	C	T	intergenic_region	MODIFIER	SORBI_3003G170966-SORBI_3003G171032	SORBI_3003G170966-SORBI_3003G171032			
S03_53433817	03	53433817	T	A	upstream_gene_variant	MODIFIER	SORBI_3003G204400	SORBI_3003G204400			
S03_56300757	03	56300757	G	A	intergenic_region	MODIFIER	SORBI_3003G226600-SORBI_3003G226700	SORBI_3003G226600-SORBI_3003G226700			
S04_10981940	04	10981940	T	C	intergenic_region	MODIFIER	SORBI_3004G111400-SORBI_3004G111500	SORBI_3004G111400-SORBI_3004G111500			
S04_15184700	04	15184700	C	T	intergenic_region	MODIFIER	SORBI_3004G126700-SORBI_3004G126900	SORBI_3004G126700-SORBI_3004G126900			
S04_22542697	04	22542697	G	A	intergenic_region	MODIFIER	SORBI_3004G134100-SORBI_3004G134200	SORBI_3004G134100-SORBI_3004G134200			
S04_33750606	04	33750606	G	A	intergenic_region	MODIFIER	SORBI_3004G135700-SORBI_3004G135800	SORBI_3004G135700-SORBI_3004G135800			
S04_35252218	04	35252218	C	T	intergenic_region	MODIFIER	SORBI_3004G136366-SORBI_3004G136400	SORBI_3004G136366-SORBI_3004G136400			
S04_41975953	04	41975953	T	C	intergenic_region	MODIFIER	SORBI_3004G142000-SORBI_3004G142201	SORBI_3004G142000-SORBI_3004G142201			
S04_48767159	04	48767159	T	C	intergenic_region	MODIFIER	SORBI_3004G154200-SORBI_3004G154300	SORBI_3004G154200-SORBI_3004G154300			
S04_65247351	04	65247351	T	C	upstream_gene_variant	MODIFIER	SORBI_3004G316600	SORBI_3004G316600			
S05_14261294	05	14261294	A	G	intron_variant	MODIFIER	SORBI_3005G092500	SORBI_3005G092500			
S05_17563698	05	17563698	T	C	intergenic_region	MODIFIER	SORBI_3005G101850-SORBI_3005G101900	SORBI_3005G101850-SORBI_3005G101900			
S05_24451776	05	24451776	C	A	intergenic_region	MODIFIER	SORBI_3005G110160-SORBI_3005G110200	SORBI_3005G110160-SORBI_3005G110200			
S05_39340999	05	39340999	T	C	intergenic_region	MODIFIER	SORBI_3005G112700-SORBI_3005G112800	SORBI_3005G112700-SORBI_3005G112800			
S05_42518181	05	42518181	G	A	intergenic_region	MODIFIER	SORBI_3005G114101-SORBI_3005G114201	SORBI_3005G114101-SORBI_3005G114201			
S05_46516607	05	46516607	G	A	intergenic_region	MODIFIER	SSU_rRNA_eukarya-SORBI_3005G115200	ENSRNA049485575-SORBI_3005G115200			
S05_56923267	05	56923267	T	TA	intergenic_region	MODIFIER	SORBI_3005G130600-SORBI_3005G130700	SORBI_3005G130600-SORBI_3005G130700			
S05_57081667	05	57081667	C	T	intergenic_region	MODIFIER	SORBI_3005G130700-SORBI_3005G130800	SORBI_3005G130700-SORBI_3005G130800			
S05_66457899	05	66457899	T	G	upstream_gene_variant	MODIFIER	SORBI_3005G182000	SORBI_3005G182000			
S05_71842769	05	71842769	G	A	intergenic_region	MODIFIER	SORBI_3005G232200-CHR_END	SORBI_3005G232200-CHR_END			
S06_3218742	06	3218742	C	A	intergenic_region	MODIFIER	SORBI_3006G018900-SORBI_3006G019000	SORBI_3006G018900-SORBI_3006G019000			
S06_14111123	06	14111123	T	C	intergenic_region	MODIFIER	SORBI_3006G037200-SORBI_3006G037300	SORBI_3006G037200-SORBI_3006G037300			
S06_16226239	06	16226239	C	T	intergenic_region	MODIFIER	SORBI_3006G038500-SORBI_3006G038700	SORBI_3006G038500-SORBI_3006G038700			
S06_17840082	06	17840082	A	T	intergenic_region	MODIFIER	SORBI_3006G039400-SORBI_3006G039500	SORBI_3006G039400-SORBI_3006G039500			
S06_18947270	06	18947270	G	A	intergenic_region	MODIFIER	SORBI_3006G039700-SORBI_3006G039800	SORBI_3006G039700-SORBI_3006G039800			
S06_27508373	06	27508373	A	G	intergenic_region	MODIFIER	SORBI_3006G041700-SORBI_3006G041750	SORBI_3006G041700-SORBI_3006G041750			
S06_27971344	06	27971344	G	A	intergenic_region	MODIFIER	SORBI_3006G041800-SORBI_3006G041932	SORBI_3006G041800-SORBI_3006G041932			
S06_35114389	06	35114389	A	G	intergenic_region	MODIFIER	SORBI_3006G048775-SORBI_3006G048850	SORBI_3006G048775-SORBI_3006G048850			
S06_36639815	06	36639815	G	A	intergenic_region	MODIFIER	SORBI_3006G049700-SORBI_3006G049800	SORBI_3006G049700-SORBI_3006G049800			
S06_43797533	06	43797533	G	A	intergenic_region	MODIFIER	SORBI_3006G075000-SORBI_3006G075100	SORBI_3006G075000-SORBI_3006G075100			
S06_44611185	06	44611185	A	T	downstream_gene_variant	MODIFIER	SORBI_3006G079500	SORBI_3006G079500			
S06_45415791	06	45415791	C	T	upstream_gene_variant	MODIFIER	SORBI_3006G084900	SORBI_3006G084900			
S06_58675347	06	58675347	C	T	intron_variant	MODIFIER	SORBI_3006G247500	SORBI_3006G247500			
S07_8551735	07	8551735	T	C	intergenic_region	MODIFIER	SORBI_3007G074600-SORBI_3007G074800	SORBI_3007G074600-SORBI_3007G074800			
S07_12892126	07	12892126	G	C	intergenic_region	MODIFIER	SORBI_3007G090100-SORBI_3007G090200	SORBI_3007G090100-SORBI_3007G090200			
S07_14004420	07	14004420	T	C	intergenic_region	MODIFIER	SORBI_3007G090463-SORBI_3007G090466	SORBI_3007G090463-SORBI_3007G090466			
S07_14785296	07	14785296	T	C	upstream_gene_variant	MODIFIER	SORBI_3007G091100	SORBI_3007G091100			
S07_14927598	07	14927598	A	T	intergenic_region	MODIFIER	SORBI_3007G091100-SORBI_3007G091200	SORBI_3007G091100-SORBI_3007G091200			
S07_15758178	07	15758178	A	G	intergenic_region	MODIFIER	SORBI_3007G092400-SORBI_3007G092450	SORBI_3007G092400-SORBI_3007G092450			
S07_17108962	07	17108962	C	A	intergenic_region	MODIFIER	SORBI_3007G094050-sbi-MIR5387a	SORBI_3007G094050-ENSRNA049995871			
S07_17447079	07	17447079	G	A	intergenic_region	MODIFIER	SORBI_3007G094900-SORBI_3007G095000	SORBI_3007G094900-SORBI_3007G095000			
S07_20821404	07	20821404	C	T	intergenic_region	MODIFIER	SORBI_3007G098800-SORBI_3007G098950	SORBI_3007G098800-SORBI_3007G098950			
S07_22239328	07	22239328	AC	A	intergenic_region	MODIFIER	SORBI_3007G099200-SORBI_3007G099400	SORBI_3007G099200-SORBI_3007G099400			
S07_39734023	07	39734023	T	C	intergenic_region	MODIFIER	SORBI_3007G109800-SORBI_3007G109900	SORBI_3007G109800-SORBI_3007G109900			
S07_39740918	07	39740918	C	G	intergenic_region	MODIFIER	SORBI_3007G109800-SORBI_3007G109900	SORBI_3007G109800-SORBI_3007G109900			
S07_39740962	07	39740962	A	G	intergenic_region	MODIFIER	SORBI_3007G109800-SORBI_3007G109900	SORBI_3007G109800-SORBI_3007G109900			
S07_41284139	07	41284139	A	T	intergenic_region	MODIFIER	SORBI_3007G111200-SORBI_3007G111300	SORBI_3007G111200-SORBI_3007G111300			
S07_49287642	07	49287642	C	T	intergenic_region	MODIFIER	SORBI_3007G114401-SORBI_3007G114500	SORBI_3007G114401-SORBI_3007G114500			
S07_49843781	07	49843781	T	C	intergenic_region	MODIFIER	SORBI_3007G114700-SORBI_3007G115000	SORBI_3007G114700-SORBI_3007G115000			
S07_54833045	07	54833045	A	T	intergenic_region	MODIFIER	SORBI_3007G131300-SORBI_3007G131500	SORBI_3007G131300-SORBI_3007G131500			
S08_29788	08	29788	T	A	downstream_gene_variant	MODIFIER	SORBI_3008G000400	SORBI_3008G000400			
S08_3331812	08	3331812	G	A	intergenic_region	MODIFIER	SORBI_3008G035900-SORBI_3008G036000	SORBI_3008G035900-SORBI_3008G036000			
S08_8319381	08	8319381	C	T	intergenic_region	MODIFIER	SORBI_3008G069300-SORBI_3008G069401	SORBI_3008G069300-SORBI_3008G069401			
S08_12501030	08	12501030	C	T	intergenic_region	MODIFIER	SORBI_3008G078800-SORBI_3008G078900	SORBI_3008G078800-SORBI_3008G078900			
S08_18788435	08	18788435	A	G	intergenic_region	MODIFIER	SORBI_3008G088200-SORBI_3008G088300	SORBI_3008G088200-SORBI_3008G088300			
S08_41863606	08	41863606	T	C	intergenic_region	MODIFIER	SORBI_3008G092866-SORBI_3008G092932	SORBI_3008G092866-SORBI_3008G092932			
S08_48686327	08	48686327	T	C	intergenic_region	MODIFIER	SORBI_3008G102532-SORBI_3008G102600	SORBI_3008G102532-SORBI_3008G102600			
S08_56884109	08	56884109	C	T	intergenic_region	MODIFIER	SORBI_3008G139100-SORBI_3008G139200	SORBI_3008G139100-SORBI_3008G139200			
S08_57339943	08	57339943	C	T	downstream_gene_variant	MODIFIER	SORBI_3008G142301	SORBI_3008G142301			
S08_60103862	08	60103862	A	G	3_prime_UTR_variant	MODIFIER	SORBI_3008G167100	SORBI_3008G167100			
S09_11452341	09	11452341	C	T	intergenic_region	MODIFIER	SORBI_3009G080900-SORBI_3009G081100	SORBI_3009G080900-SORBI_3009G081100			
S09_17577390	09	17577390	G	A	intergenic_region	MODIFIER	SORBI_3009G090400-SORBI_3009G090500	SORBI_3009G090400-SORBI_3009G090500			
S09_32248689	09	32248689	C	A	intergenic_region	MODIFIER	SORBI_3009G095800-SORBI_3009G096100	SORBI_3009G095800-SORBI_3009G096100			
S09_37284538	09	37284538	GGACACGTATCTTTT	G	intergenic_region	MODIFIER	SORBI_3009G098601-SORBI_3009G098700	SORBI_3009G098601-SORBI_3009G098700			
S09_44755943	09	44755943	G	A	intergenic_region	MODIFIER	SORBI_3009G111100-SORBI_3009G111200	SORBI_3009G111100-SORBI_3009G111200			
S09_45077058	09	45077058	A	AC	intergenic_region	MODIFIER	U5-SORBI_3009G112450	ENSRNA049481000-SORBI_3009G112450			
S09_46247420	09	46247420	T	A	intergenic_region	MODIFIER	SORBI_3009G117500-SORBI_3009G117700	SORBI_3009G117500-SORBI_3009G117700			
S10_15615308	10	15615308	A	G	intergenic_region	MODIFIER	SORBI_3010G125900-SORBI_3010G126000	SORBI_3010G125900-SORBI_3010G126000			
S10_25284002	10	25284002	T	A	intergenic_region	MODIFIER	SORBI_3010G139600-SORBI_3010G140100	SORBI_3010G139600-SORBI_3010G140100			
S10_25784536	10	25784536	G	A	intergenic_region	MODIFIER	SORBI_3010G140150-SORBI_3010G140200	SORBI_3010G140150-SORBI_3010G140200			
S10_28256307	10	28256307	G	T	intergenic_region	MODIFIER	SORBI_3010G140600-SORBI_3010G140700	SORBI_3010G140600-SORBI_3010G140700			
S10_33169721	10	33169721	G	A	intergenic_region	MODIFIER	SORBI_3010G140800-SORBI_3010G141001	SORBI_3010G140800-SORBI_3010G141001			
S10_33292127	10	33292127	A	G	intergenic_region	MODIFIER	SORBI_3010G140800-SORBI_3010G141001	SORBI_3010G140800-SORBI_3010G141001			
S10_39421817	10	39421817	A	G	3_prime_UTR_variant	MODIFIER	SORBI_3010G144500	SORBI_3010G144500			
S10_44316432	10	44316432	A	G	intergenic_region	MODIFIER	SORBI_3010G152600-SORBI_3010G152700	SORBI_3010G152600-SORBI_3010G152700			
S10_51384646	10	51384646	C	T	upstream_gene_variant	MODIFIER	SORBI_3010G176101	SORBI_3010G176101			
SSUPER_18_748942	SUPER_18	748942	GA	G		MODIFIER					
SSUPER_60_118389	SUPER_60	118389	T	C		MODIFIER					
