SNP_ID	CHROM	POS	REF	Allele	Annotation	Annotation_Impact	Gene_Name	Gene_ID	Feature_Type	Feature_ID	Transcript_BioType
S05_46516607	05	46516607	G	A	intergenic_region	MODIFIER	SSU_rRNA_eukarya-SORBI_3005G115200	ENSRNA049485575-SORBI_3005G115200			
S08_12501030	08	12501030	C	T	intergenic_region	MODIFIER	SORBI_3008G078800-SORBI_3008G078900	SORBI_3008G078800-SORBI_3008G078900			
S09_37284538	09	37284538	GGACACGTATCTTTT	G	intergenic_region	MODIFIER	SORBI_3009G098601-SORBI_3009G098700	SORBI_3009G098601-SORBI_3009G098700			
S09_17577390	09	17577390	G	A	intergenic_region	MODIFIER	SORBI_3009G090400-SORBI_3009G090500	SORBI_3009G090400-SORBI_3009G090500			
S08_8319381	08	8319381	C	T	intergenic_region	MODIFIER	SORBI_3008G069300-SORBI_3008G069401	SORBI_3008G069300-SORBI_3008G069401			
S05_39340999	05	39340999	T	C	intergenic_region	MODIFIER	SORBI_3005G112700-SORBI_3005G112800	SORBI_3005G112700-SORBI_3005G112800			
S03_36092994	03	36092994	C	T	intergenic_region	MODIFIER	SORBI_3003G170966-SORBI_3003G171032	SORBI_3003G170966-SORBI_3003G171032			
S03_26248862	03	26248862	G	A	upstream_gene_variant	MODIFIER	SORBI_3003G167000	SORBI_3003G167000			
S05_56923267	05	56923267	T	TA	intergenic_region	MODIFIER	SORBI_3005G130600-SORBI_3005G130700	SORBI_3005G130600-SORBI_3005G130700			
S08_41863606	08	41863606	T	C	intergenic_region	MODIFIER	SORBI_3008G092866-SORBI_3008G092932	SORBI_3008G092866-SORBI_3008G092932			
S06_58675347	06	58675347	C	T	intron_variant	MODIFIER	SORBI_3006G247500	SORBI_3006G247500			
S05_42518181	05	42518181	G	A	intergenic_region	MODIFIER	SORBI_3005G114101-SORBI_3005G114201	SORBI_3005G114101-SORBI_3005G114201			
S01_61931259	01	61931259	C	T	intergenic_region	MODIFIER	SORBI_3001G331200-SORBI_3001G331301	SORBI_3001G331200-SORBI_3001G331301			
S07_39740962	07	39740962	A	G	intergenic_region	MODIFIER	SORBI_3007G109800-SORBI_3007G109900	SORBI_3007G109800-SORBI_3007G109900			
S05_14261294	05	14261294	A	G	intron_variant	MODIFIER	SORBI_3005G092500	SORBI_3005G092500			
S01_15431375	01	15431375	A	G	upstream_gene_variant	MODIFIER	SORBI_3001G182200	SORBI_3001G182200			
S04_22542697	04	22542697	G	A	intergenic_region	MODIFIER	SORBI_3004G134100-SORBI_3004G134200	SORBI_3004G134100-SORBI_3004G134200			
S09_32905993	09	32905993	C	T	intergenic_region	MODIFIER	SORBI_3009G096100-SORBI_3009G096300	SORBI_3009G096100-SORBI_3009G096300			
S03_31158353	03	31158353	C	A	intergenic_region	MODIFIER	SORBI_3003G170501-SORBI_3003G170600	SORBI_3003G170501-SORBI_3003G170600			
S10_28256307	10	28256307	G	T	intergenic_region	MODIFIER	SORBI_3010G140600-SORBI_3010G140700	SORBI_3010G140600-SORBI_3010G140700			
S08_48686327	08	48686327	T	C	intergenic_region	MODIFIER	SORBI_3008G102532-SORBI_3008G102600	SORBI_3008G102532-SORBI_3008G102600			
S01_74744901	01	74744901	G	A	upstream_gene_variant	MODIFIER	SORBI_3001G475200	SORBI_3001G475200			
S05_61070180	05	61070180	C	A	intergenic_region	MODIFIER	SORBI_3005G145400-SORBI_3005G145550	SORBI_3005G145400-SORBI_3005G145550			
S05_66457899	05	66457899	T	G	upstream_gene_variant	MODIFIER	SORBI_3005G182000	SORBI_3005G182000			
S10_15615308	10	15615308	A	G	intergenic_region	MODIFIER	SORBI_3010G125900-SORBI_3010G126000	SORBI_3010G125900-SORBI_3010G126000			
S10_25284002	10	25284002	T	A	intergenic_region	MODIFIER	SORBI_3010G139600-SORBI_3010G140100	SORBI_3010G139600-SORBI_3010G140100			
S05_24451776	05	24451776	C	A	intergenic_region	MODIFIER	SORBI_3005G110160-SORBI_3005G110200	SORBI_3005G110160-SORBI_3005G110200			
S05_55873894	05	55873894	T	C	intergenic_region	MODIFIER	SORBI_3005G129000-SORBI_3005G129100	SORBI_3005G129000-SORBI_3005G129100			
S01_6237519	01	6237519	T	C	downstream_gene_variant	MODIFIER	SORBI_3001G080800	SORBI_3001G080800			
S05_57081667	05	57081667	C	T	intergenic_region	MODIFIER	SORBI_3005G130700-SORBI_3005G130800	SORBI_3005G130700-SORBI_3005G130800			
S01_3996928	01	3996928	A	T	upstream_gene_variant	MODIFIER	SORBI_3001G053601	SORBI_3001G053601			
S10_33292127	10	33292127	A	G	intergenic_region	MODIFIER	SORBI_3010G140800-SORBI_3010G141001	SORBI_3010G140800-SORBI_3010G141001			
S04_34488269	04	34488269	T	C	3_prime_UTR_variant	MODIFIER	SORBI_3004G136100	SORBI_3004G136100			
S10_39275045	10	39275045	A	T	intergenic_region	MODIFIER	SORBI_3010G144450-SORBI_3010G144500	SORBI_3010G144450-SORBI_3010G144500			
S04_15184700	04	15184700	C	T	intergenic_region	MODIFIER	SORBI_3004G126700-SORBI_3004G126900	SORBI_3004G126700-SORBI_3004G126900			
S04_16417623	04	16417623	C	G	intergenic_region	MODIFIER	SORBI_3004G129100-SORBI_3004G129201	SORBI_3004G129100-SORBI_3004G129201			
S03_1009779	03	1009779	G	A	upstream_gene_variant	MODIFIER	SORBI_3003G011300	SORBI_3003G011300			
S04_35252218	04	35252218	C	T	intergenic_region	MODIFIER	SORBI_3004G136366-SORBI_3004G136400	SORBI_3004G136366-SORBI_3004G136400			
S07_39740918	07	39740918	C	G	intergenic_region	MODIFIER	SORBI_3007G109800-SORBI_3007G109900	SORBI_3007G109800-SORBI_3007G109900			
S01_27197407	01	27197407	A	C	3_prime_UTR_variant	MODIFIER	SORBI_3001G251900	SORBI_3001G251900			
S01_29242946	01	29242946	A	G	intergenic_region	MODIFIER	SORBI_3001G254800-SORBI_3001G255001	SORBI_3001G254800-SORBI_3001G255001			
S10_44316432	10	44316432	A	G	intergenic_region	MODIFIER	SORBI_3010G152600-SORBI_3010G152700	SORBI_3010G152600-SORBI_3010G152700			
S10_39421817	10	39421817	A	G	3_prime_UTR_variant	MODIFIER	SORBI_3010G144500	SORBI_3010G144500			
S10_33169721	10	33169721	G	A	intergenic_region	MODIFIER	SORBI_3010G140800-SORBI_3010G141001	SORBI_3010G140800-SORBI_3010G141001			
S04_33750606	04	33750606	G	A	intergenic_region	MODIFIER	SORBI_3004G135700-SORBI_3004G135800	SORBI_3004G135700-SORBI_3004G135800			
S08_53820955	08	53820955	C	T	intergenic_region	MODIFIER	SORBI_3008G121240-SORBI_3008G121400	SORBI_3008G121240-SORBI_3008G121400			
S10_15770653	10	15770653	A	G	intergenic_region	MODIFIER	SORBI_3010G126000-SORBI_3010G126100	SORBI_3010G126000-SORBI_3010G126100			
S08_8920955	08	8920955	T	G	intergenic_region	MODIFIER	SORBI_3008G070100-SORBI_3008G070200	SORBI_3008G070100-SORBI_3008G070200			
S09_26239725	09	26239725	G	A	intergenic_region	MODIFIER	SORBI_3009G094900-SORBI_3009G095100	SORBI_3009G094900-SORBI_3009G095100			
S01_15900907	01	15900907	G	A	upstream_gene_variant	MODIFIER	SORBI_3001G185900	SORBI_3001G185900			
S10_12224047	10	12224047	T	C	intergenic_region	MODIFIER	SORBI_3010G115000-SORBI_3010G115200	SORBI_3010G115000-SORBI_3010G115200			
S05_46374948	05	46374948	C	T	intergenic_region	MODIFIER	SSU_rRNA_eukarya-SORBI_3005G115200	ENSRNA049485575-SORBI_3005G115200			
S05_46358673	05	46358673	GT	G	intergenic_region	MODIFIER	SSU_rRNA_eukarya-SORBI_3005G115200	ENSRNA049485575-SORBI_3005G115200			
S07_39734023	07	39734023	T	C	intergenic_region	MODIFIER	SORBI_3007G109800-SORBI_3007G109900	SORBI_3007G109800-SORBI_3007G109900			
S08_8362608	08	8362608	A	G	upstream_gene_variant	MODIFIER	SORBI_3008G069401	SORBI_3008G069401			
S04_39787599	04	39787599	G	A	intergenic_region	MODIFIER	SORBI_3004G138800-SORBI_3004G138850	SORBI_3004G138800-SORBI_3004G138850			
S01_48143499	01	48143499	G	A	intergenic_region	MODIFIER	SORBI_3001G263300-SORBI_3001G263500	SORBI_3001G263300-SORBI_3001G263500			
S01_25299109	01	25299109	G	A	downstream_gene_variant	MODIFIER	SORBI_3001G243666	SORBI_3001G243666			
S09_34888923	09	34888923	G	A	intergenic_region	MODIFIER	SORBI_3009G097100-SORBI_3009G097200	SORBI_3009G097100-SORBI_3009G097200			
S03_35609935	03	35609935	A	G	intergenic_region	MODIFIER	SORBI_3003G170900-SORBI_3003G170966	SORBI_3003G170900-SORBI_3003G170966			
S10_28600274	10	28600274	C	A	intergenic_region	MODIFIER	SORBI_3010G140700-SORBI_3010G140750	SORBI_3010G140700-SORBI_3010G140750			
S10_51384646	10	51384646	C	T	upstream_gene_variant	MODIFIER	SORBI_3010G176101	SORBI_3010G176101			
S10_25784536	10	25784536	G	A	intergenic_region	MODIFIER	SORBI_3010G140150-SORBI_3010G140200	SORBI_3010G140150-SORBI_3010G140200			
S08_9281298	08	9281298	G	A	intergenic_region	MODIFIER	SORBI_3008G070700-SORBI_3008G070800	SORBI_3008G070700-SORBI_3008G070800			
S01_15430027	01	15430027	A	G	upstream_gene_variant	MODIFIER	SORBI_3001G182200	SORBI_3001G182200			
S07_41284139	07	41284139	A	T	intergenic_region	MODIFIER	SORBI_3007G111200-SORBI_3007G111300	SORBI_3007G111200-SORBI_3007G111300			
S03_39201523	03	39201523	A	T	intergenic_region	MODIFIER	SORBI_3003G173400-SORBI_3003G173600	SORBI_3003G173400-SORBI_3003G173600			
S07_44349557	07	44349557	G	A	intergenic_region	MODIFIER	SORBI_3007G113200-SORBI_3007G113300	SORBI_3007G113200-SORBI_3007G113300			
S01_27239177	01	27239177	A	G	intergenic_region	MODIFIER	SORBI_3001G252000-SORBI_3001G252050	SORBI_3001G252000-SORBI_3001G252050			
S09_25217724	09	25217724	G	A	intergenic_region	MODIFIER	SORBI_3009G094600-SORBI_3009G094700	SORBI_3009G094600-SORBI_3009G094700			
S09_32245767	09	32245767	A	T	intergenic_region	MODIFIER	SORBI_3009G095800-SORBI_3009G096100	SORBI_3009G095800-SORBI_3009G096100			
S10_36196562	10	36196562	G	T	intergenic_region	MODIFIER	SORBI_3010G142300-SORBI_3010G142401	SORBI_3010G142300-SORBI_3010G142401			
S09_9489642	09	9489642	C	T	intergenic_region	MODIFIER	SORBI_3009G074400-SORBI_3009G074500	SORBI_3009G074400-SORBI_3009G074500			
S09_32248689	09	32248689	C	A	intergenic_region	MODIFIER	SORBI_3009G095800-SORBI_3009G096100	SORBI_3009G095800-SORBI_3009G096100			
S03_31791067	03	31791067	C	A	intergenic_region	MODIFIER	SORBI_3003G170700-SORBI_3003G170800	SORBI_3003G170700-SORBI_3003G170800			
S08_51503610	08	51503610	C	T	intergenic_region	MODIFIER	SORBI_3008G110600-SORBI_3008G110700	SORBI_3008G110600-SORBI_3008G110700			
S01_65331973	01	65331973	C	T	upstream_gene_variant	MODIFIER	SORBI_3001G364200	SORBI_3001G364200			
